student_id_PK,gender,prog_code,gpa,town_origin,year_cred,dropout
841-05-8161,F,BIOG,273,SAN JUAN,CUA,N
841-08-7429,M,ESCO,305,BAYAMON,CUA,N
841-09-1083,M,TIEL,216,GACUAS,CUA,N
841-09-3919,M,ESCO,286,SAN JUAN,6TO,N
841-09-4484,F,BIOG,276,GUAYNABO,CUA,N
841-10-5262,F,GERE,259,DORADO,CNB,N
841-11-5940,M,CCOM,325,BAYAMON,6TO,N
841-11-7270,M,CCOM,299,TOA ALTA,CUA,N
841-12-7272,M,SOFI,245,TOA ALTA,CUA,N
841-13-0185,M,MERC,236,TOA ALTA,TNB,N
841-13-1600,M,CCOM,269,BAYAMON,CUA,N
841-13-4940,M,CCOM,338,SAN JUAN,CUA,N
841-13-6923,F,BIOG,266,BAYAMON,CUA,N
841-13-7400,M,SICI,301,TOA ALTA,TER,N
841-13-7615,M,SINF,257,TOA BAJA,CUA,N
841-14-0676,F,GEMA,247,BAYAMON,CUA,N
841-14-1410,M,BIOG,297,BAYAMON,CUA,N
841-14-1420,M,SICI,192,CIDRA,SEG,N
841-14-1790,F,GEMA,327,TOA ALTA,CUA,N
841-14-3205,F,SINF,271,GUAYNABO,CUA,N
841-14-3810,M,SICI,296,TOA ALTA,SEG,N
841-14-4600,M,TIEL,258,CAYEY,CUA,N
841-14-5275,F,ESCO,281,BAYAMON,CUA,N
841-14-6280,F,CONT,304,BAYAMON,6TN,N
841-14-6930,M,SINF,264,COROZAL,CUA,N
841-14-7030,M,FINA,262,COROZAL,TNB,N
841-14-8200,M,BIOG,284,TOA BAJA,CUA,N
841-14-9220,M,CONT,327,BAYAMON,6TO,N
841-14-9380,M,TIEL,198,SAN JUAN,CUA,N
841-14-9431,F,CONT,336,CAGUAS,6TN,N
841-14-9940,M,SICI,366,SAN JUAN,CUA,N
841-15-0881,M,TIEL,263,DORADO,CUA,N
841-15-0882,M,GEMA,299,DORADO,TER,N
841-15-0920,M,FINA,237,BAYAMON,CUA,N
841-15-1830,M,FINA,273,BAYAMON,CUA,N
841-15-2930,M,SINF,277,CANOVANAS,CUA,N
841-15-3390,F,BIOG,309,SAN LORENZO,CUA,N
841-15-3630,M,SINF,292,SAN JUAN,CUA,N
841-15-3930,F,BIOG,242,CAROLINA,CUA,N
841-15-4165,F,BIOG,295,DORADO,CUA,N
841-15-5020,M,BHUM,285,CATANO,CUA,N
841-15-5340,M,MERC,224,DORADO,CUA,N
841-15-5490,M,CCOM,264,TOA ALTA,CUA,N
841-15-5580,F,BIOG,300,BAYAMON,CUA,N
841-15-5680,M,SICI,212,GUAYNABO,SEG,N
841-15-6495,F,EFEE,300,TOA BAJA,CUA,N
841-15-6510,M,ESCO,345,BAYAMON,TER,N
841-15-6540,M,SICI,295,SAN JUAN,CUA,N
841-15-6660,M,SINF,280,BAYAMON,CUA,N
841-15-6880,F,MERC,268,BAYAMON,CNB,N
841-15-7690,M,SINF,226,BAYAMON,TER,N
841-15-7760,M,MERC,253,BAYAMON,CUA,N
841-15-7765,F,CONT,235,COMERIO,CUA,N
841-15-7790,M,MERC,200,TOA BAJA,CUA,N
841-15-8260,F,CONT,336,GUAYNABO,6TN,N
841-15-8265,M,TIEL,267,DORADO,CUA,N
841-15-8570,F,GERE,239,CAROLINA,CUA,N
841-15-9800,M,FINA,190,BAYAMON,TER,N
841-16-0205,F,GERE,347,BAYAMON,CUA,N
841-16-0380,M,TIEL,274,GUAYNABO,TER,N
841-16-0532,M,SINF,240,TRUJILLO ALTO,TER,N
841-16-0650,F,MERC,281,BAYAMON,TER,N
841-16-1790,M,BIOG,287,BAYAMON,CUA,N
841-16-1827,M,GERE,383,DORADO,TNB,N
841-16-1913,F,EFEE,281,TOA ALTA,CUA,N
841-16-2300,F,BHUM,336,TOA ALTA,CUA,N
841-16-2370,M,MERC,269,TOA BAJA,CUA,N
841-16-2400,M,GERE,281,TOA ALTA,CUA,N
841-16-2545,F,GERE,326,TRUJILLO ALTO,CUA,N
841-16-2790,M,BIOG,305,VEGA ALTA,CUA,N
841-16-2810,M,TIEL,245,AGUAS BUENAS,CUA,N
841-16-3010,M,FINA,288,VEGA ALTA,CUA,N
841-16-3170,M,BHUM,303,SAN JUAN,CUA,N
841-16-3180,M,TIEL,282,COROZAL,CUA,N
841-16-3213,F,CONT,322,SAN JUAN,CUA,N
841-16-3220,M,CCOM,318,DORADO,CUA,N
841-16-3260,F,BIOG,286,BAYAMON,CUA,N
841-16-3760,M,SINF,285,SAN JUAN,CNB,N
841-16-4020,F,GERE,299,TOA BAJA,TNB,N
841-16-4225,M,CONT,264,BAYAMON,CUA,N
841-16-4370,M,TIEL,369,SAN LORENZO,CUA,N
841-16-4400,F,EFEE,276,DORADO,CUA,N
841-16-4510,F,ESCO,275,MOROVIS,TER,N
841-16-4567,M,MERC,310,BAYAMON,TER,N
841-16-4570,F,SOFI,318,BAYAMON,CUA,N
841-16-4674,M,SICI,244,SAN JUAN,TER,N
841-16-4680,M,GEMA,281,SAN JUAN,CUA,N
841-16-4700,M,CCOM,287,COROZAL,CUA,N
841-16-4802,M,FINA,267,MOROVIS,CUA,N
841-16-5020,M,SINF,324,JUNCOS,CUA,N
841-16-5050,M,BIOG,299,SAN JUAN,CUA,N
841-16-5114,F,EFEE,287,BAYAMON,CUA,N
841-16-5385,M,GEMA,313,BAYAMON,CUA,N
841-16-5710,F,BHUM,333,TOA ALTA,CUA,N
841-16-5760,F,BIOG,281,GUAYNABO,CUA,N
841-16-5770,F,CONT,305,BAYAMON,CUA,N
841-16-5880,M,CCOM,313,COMERIO,CUA,N
841-16-5965,F,ESCO,297,BAYAMON,CUA,N
841-16-6210,F,ESCO,338,BAYAMON,CUA,N
841-16-6270,F,BHUM,297,TOA ALTA,CUA,N
841-16-6280,M,CCOM,297,BAYAMON,CUA,N
841-16-6405,F,EFEE,270,OROCOVIS,CUA,N
841-16-6430,M,GERE,331,TOA BAJA,CUA,N
841-16-6675,F,CONT,318,BAYAMON,CUA,N
841-16-6720,M,MERC,291,SAN JUAN,CUA,N
841-16-6955,M,TIEL,298,BAYAMON,CUA,N
841-16-7030,M,SINF,286,TOA ALTA,CUA,N
841-16-7051,M,MERC,280,BAYAMON,CUA,N
841-16-7360,F,ESCO,264,TOA ALTA,CUA,N
841-16-7450,M,BHUM,286,TOA BAJA,CUA,N
841-16-7661,M,SINF,313,TOA BAJA,CUA,N
841-16-7690,M,FINA,307,TOA ALTA,CUA,N
841-16-7805,F,BIOG,307,BAYAMON,CUA,N
841-16-8085,M,ESCO,308,BAYAMON,CUA,N
841-16-8170,M,SOFI,273,DORADO,CUA,N
841-16-8220,F,BIOG,313,CAROLINA,CUA,N
841-16-8570,M,CONT,251,BAYAMON,TER,N
841-16-8590,M,CONT,397,BAYAMON,CUA,N
841-16-8824,M,TIEL,246,TOA ALTA,TER,N
841-16-9138,F,SINF,263,FAJARDO,CUA,N
841-16-9260,M,MERC,242,GUAYNABO,CUA,N
841-16-9350,F,GERE,344,GUAYNABO,CNB,N
841-16-9630,M,GEMA,313,BAYAMON,CUA,N
841-17-0055,M,SICI,220,BAYAMON,TER,N
841-17-0074,F,ESCO,359,TOA BAJA,CUA,N
841-17-0129,F,GERE,271,BAYAMON,CUA,N
841-17-0248,F,GEMA,319,VEGA BAJA,CUA,N
841-17-0264,M,CCOM,298,SAN JUAN,CUA,N
841-17-0316,F,GERE,263,NARANJITO,CUA,N
841-17-0331,F,BIOG,276,MANATI,CUA,N
841-17-0532,M,FINA,334,NARANJITO,CUA,N
841-17-0571,M,EFEE,316,SAN JUAN,CUA,N
841-17-0614,F,ESCO,377,BAYAMON,CUA,N
841-17-0735,F,GERE,286,TOA ALTA,SEG,N
841-17-0781,F,ESCO,279,SAN JUAN,CUA,N
841-17-0826,F,BIOG,326,BAYAMON,CUA,N
841-17-0933,M,CCOM,325,BAYAMON,CUA,N
841-17-0948,M,SICI,317,BAYAMON,TER,N
841-17-0958,F,MERC,334,BAYAMON,CUA,N
841-17-1061,F,BIOG,286,GUAYNABO,CUA,N
841-17-1067,F,BHUM,294,BAYAMON,CUA,N
841-17-1084,F,MERC,306,TOA ALTA,CUA,N
841-17-1304,M,EFEE,329,TOA ALTA,CUA,N
841-17-1372,M,SINF,310,SAN JUAN,CUA,N
841-17-1571,M,SICI,250,BAYAMON,CUA,N
841-17-1669,M,BHUM,315,TOA BAJA,CUA,N
841-17-1752,F,GERE,334,OROCOVIS,CUA,N
841-17-1760,M,MERC,307,GUAYNABO,CUA,N
841-17-1935,F,EFEE,237,BAYAMON,CUA,N
841-17-1938,F,BIOG,309,DORADO,CUA,N
841-17-1992,F,CCOM,325,TOA ALTA,CUA,N
841-17-2020,M,TIEL,267,BAYAMON,TER,N
841-17-2191,M,TIEL,241,VEGA ALTA,CUA,N
841-17-2209,M,GERE,275,VEGA ALTA,CNB,N
841-17-2343,F,BIOG,286,SAN JUAN,CUA,N
841-17-2417,F,TIEL,295,BAYAMON,CUA,N
841-17-2450,M,BIOG,321,SAN JUAN,CUA,N
841-17-2457,M,GERE,234,CAROLINA,CUA,N
841-17-2497,M,CCOM,296,BAYAMON,TER,N
841-17-2510,M,BIOG,330,NARANJITO,SEG,N
841-17-2575,M,SINF,305,BAYAMON,TER,N
841-17-2614,M,CCOM,272,VEGA BAJA,TER,N
841-17-2679,F,BHUM,343,COROZAL,SEG,N
841-17-2787,F,MERC,315,BAYAMON,CUA,N
841-17-2837,M,EFEE,286,BAYAMON,CUA,N
841-17-2916,M,TIEL,214,TOA ALTA,TER,N
841-17-2940,F,BHUM,315,VEGA ALTA,CUA,N
841-17-2976,M,BIOG,275,SAN JUAN,CUA,N
841-17-3029,M,FINA,317,AGUAS BUENAS,CUA,N
841-17-3033,M,BHUM,287,SAN JUAN,CUA,N
841-17-3077,F,BIOG,315,BAYAMON,TER,N
841-17-3113,M,CCOM,260,SAN LORENZO,TER,N
841-17-3149,F,EFEE,229,FAJARDO,CUA,N
841-17-3175,M,BHUM,297,TRUJILLO ALTO,CUA,N
841-17-3188,F,EFEE,387,TOA ALTA,TER,N
841-17-3371,F,MERC,304,BAYAMON,CUA,N
841-17-3393,F,ESCO,316,NARANJITO,CUA,N
841-17-3418,M,TIEL,229,SAN LORENZO,TER,N
841-17-3456,M,CCOM,331,TOA ALTA,CUA,N
841-17-3487,M,TIEL,301,BAYAMON,CUA,N
841-17-3504,F,BIOG,324,DORADO,SEG,N
841-17-3519,M,TIEL,315,BAYAMON,CUA,N
841-17-3602,F,BIOG,349,BAYAMON,CUA,N
841-17-3671,M,BIOG,299,BAYAMON,CUA,N
841-17-3998,F,CCOM,314,BAYAMON,CUA,N
841-17-4099,F,ESCO,368,BAYAMON,CUA,N
841-17-4125,F,GERE,209,GUAYNABO,SEG,N
841-17-4149,M,SINF,298,RIO GRANDE,TER,N
841-17-4152,F,ESCO,332,DORADO,CUA,N
841-17-4240,M,FINA,260,TOA BAJA,CUA,N
841-17-4296,M,SOFI,338,BAYAMON,CUA,N
841-17-4347,F,BHUM,342,BAYAMON,CUA,N
841-17-4512,F,SOFI,299,COMERIO,CUA,N
841-17-4534,M,CCOM,385,MOROVIS,CUA,N
841-17-4623,M,BIOG,325,TOA ALTA,CUA,N
841-17-4665,F,BIOG,382,BAYAMON,CUA,N
841-17-4679,F,SOFI,256,TOA ALTA,CUA,N
841-17-4705,M,TIEL,280,BAYAMON,CUA,N
841-17-4832,M,BIOG,248,TOA ALTA,SEG,N
841-17-4870,F,SOFI,260,BAYAMON,CUA,N
841-17-4936,F,TIEL,244,GUAYAMA,CUA,N
841-17-4961,M,BHUM,308,BAYAMON,CUA,N
841-17-5003,M,GEMA,296,SAN JUAN,CUA,N
841-17-5037,M,CCOM,340,CIDRA,CUA,N
841-17-5101,F,BHUM,347,TOA ALTA,CUA,N
841-17-5167,F,CONT,356,NARANJITO,CUA,N
841-17-5238,F,CONT,324,TOA BAJA,CUA,N
841-17-5390,M,CONT,323,SAN JUAN,TER,N
841-17-5392,F,CONT,298,BAYAMON,CNB,N
841-17-5401,M,FINA,232,BAYAMON,CUA,N
841-17-5606,F,CONT,339,TOA ALTA,CUA,N
841-17-5607,M,TIEL,303,SAN LORENZO,CUA,N
841-17-5814,M,GEMA,333,TRUJILLO ALTO,CUA,N
841-17-5850,F,GERE,281,VEGA ALTA,CUA,N
841-17-5852,M,CONT,290,CAGUAS,CUA,N
841-17-5861,F,BHUM,334,BAYAMON,CUA,N
841-17-5897,M,CONT,246,SAN JUAN,CUA,N
841-17-5932,F,CONT,350,TOA BAJA,CUA,N
841-17-5940,M,TIEL,198,CAGUAS,SEG,N
841-17-6097,M,GEMA,319,BAYAMON,CUA,N
841-17-6148,F,GERE,355,DORADO,CUA,N
841-17-6188,M,SINF,322,BAYAMON,CUA,N
841-17-6197,M,CONT,295,COROZAL,CUA,N
841-17-6203,M,GERE,237,TOA BAJA,TER,N
841-17-6243,M,MERC,235,GUAYNABO,CUA,N
841-17-6322,M,SINF,328,TOA ALTA,CUA,N
841-17-6411,F,BIOG,273,BAYAMON,CUA,N
841-17-6424,M,EFEE,331,BAYAMON,CUA,N
841-17-6447,M,TIEL,271,GUAYNABO,TER,N
841-17-6512,F,CONT,341,TOA BAJA,CUA,N
841-17-6575,F,BHUM,343,BAYAMON,CUA,N
841-17-6583,F,BIOG,275,TOA BAJA,CUA,N
841-17-6643,M,FINA,282,SAN JUAN,CUA,N
841-17-6710,F,MERC,271,AGUAS BUENAS,CUA,N
841-17-6716,M,SINF,270,SAN JUAN,TER,N
841-17-6743,F,BIOG,337,TRUJILLO ALTO,CUA,N
841-17-6981,M,EFEE,344,BAYAMON,TER,N
841-17-7012,M,BHUM,311,BARCELONETA,CUA,N
841-17-7060,M,BHUM,267,BAYAMON,CUA,N
841-17-7163,M,TIEL,269,CAYEY,SEG,N
841-17-7171,M,CCOM,266,BAYAMON,TER,N
841-17-7196,F,ESCO,348,TOA BAJA,CUA,N
841-17-7338,M,BHUM,296,TRUJILLO ALTO,CUA,N
841-17-7374,M,BHUM,230,GUAYNABO,TER,N
841-17-7391,M,MERC,285,CIDRA,CUA,N
841-17-7457,M,BIOG,365,NARANJITO,CUA,N
841-17-7518,M,GEMA,255,BAYAMON,TER,N
841-17-7558,F,FINA,294,BAYAMON,CUA,N
841-17-7584,M,TIEL,300,SAN JUAN,TER,N
841-17-7674,M,CONT,289,TOA ALTA,CUA,N
841-17-7739,M,BHUM,286,TOA ALTA,CUA,N
841-17-7763,M,BIOG,400,BAYAMON,CUA,N
841-17-7821,F,BHUM,303,BAYAMON,CUA,N
841-17-7826,M,CCOM,288,SAN JUAN,CUA,N
841-17-7881,F,EFEE,253,ISABELA,CUA,N
841-17-7991,F,ESCO,299,MANATI,CUA,N
841-17-8029,F,ESCO,244,BAYAMON,CUA,N
841-17-8049,M,TIEL,225,BAYAMON,SEG,N
841-17-8059,F,BIOG,276,GUAYNABO,CUA,N
841-17-8228,M,CONT,308,BAYAMON,CUA,N
841-17-8245,F,MERC,246,BAYAMON,CUA,N
841-17-8375,F,BHUM,331,TOA ALTA,CUA,N
841-17-8520,F,BHUM,344,MOROVIS,CUA,N
841-17-8528,F,GERE,221,CATANO,TER,N
841-17-8598,M,GERE,364,TOA BAJA,CUA,N
841-17-8671,F,BHUM,383,NARANJITO,CUA,N
841-17-8701,F,BIOG,328,TOA ALTA,CUA,N
841-17-8716,F,ESCO,387,BAYAMON,CUA,N
841-17-8806,M,FINA,287,GUAYNABO,CUA,N
841-17-8843,M,MERC,337,CAROLINA,CUA,N
841-17-8988,F,ESCO,332,TOA ALTA,TER,N
841-17-9174,F,EFEE,322,TOA ALTA,CUA,N
841-17-9240,F,CONT,323,BAYAMON,CNB,N
841-17-9332,F,EFEE,396,SAN JUAN,TER,N
841-17-9401,M,BIOG,274,TOA BAJA,CUA,N
841-17-9472,F,SOFI,270,NARANJITO,TER,N
841-17-9495,M,GEMA,272,CAROLINA,CUA,N
841-17-9496,M,GERE,271,TOA ALTA,TER,N
841-17-9527,M,CONT,297,DORADO,CUA,N
841-17-9730,F,BHUM,369,TOA ALTA,CUA,N
841-17-9850,F,SINF,296,CAGUAS,TER,N
841-17-9952,M,CONT,278,BAYAMON,CUA,N
841-17-9997,M,CONT,275,TOA BAJA,CUA,N
841-18-0021,M,CONT,265,DORADO,TER,N
841-18-0063,M,CONT,282,SAN JUAN,TER,N
841-18-0120,F,CONT,369,GUAYNABO,CUA,N
841-18-0125,M,GERE,294,COROZAL,TER,N
841-18-0156,M,EFEE,310,BAYAMON,TER,N
841-18-0178,F,BHUM,318,COROZAL,CUA,N
841-18-0219,F,BHUM,350,DORADO,CUA,N
841-18-0223,F,BHUM,394,MOROVIS,CUA,N
841-18-0241,F,SOFI,273,CAGUAS,CUA,N
841-18-0249,F,EFEE,336,BAYAMON,CUA,N
841-18-0259,M,CONT,353,TRUJILLO ALTO,CUA,N
841-18-0301,M,CCOM,346,TOA BAJA,TER,N
841-18-0312,M,TIEL,282,LUQUILLO,TER,N
841-18-0350,M,CONT,314,CAGUAS,TER,N
841-18-0358,F,BIOG,313,BAYAMON,TER,N
841-18-0370,F,CONT,299,BAYAMON,TER,N
841-18-0403,M,MERC,267,BAYAMON,TER,N
841-18-0413,M,MERC,205,TOA ALTA,SEG,N
841-18-0432,M,MERC,371,SAN JUAN,CUA,N
841-18-0513,F,CONT,379,VEGA BAJA,CUA,N
841-18-0559,F,ESCO,192,BAYAMON,TER,N
841-18-0560,F,ESCO,327,CATANO,TER,N
841-18-0569,F,BHUM,315,COROZAL,CUA,N
841-18-0577,M,BHUM,329,TOA ALTA,TER,N
841-18-0581,M,BIOG,295,NARANJITO,TER,N
841-18-0609,M,FINA,320,TOA ALTA,TER,N
841-18-0629,M,TIEL,252,SAN JUAN,TER,N
841-18-0652,F,CONT,303,SAN JUAN,TER,N
841-18-0708,M,CONT,326,TRUJILLO ALTO,TER,N
841-18-0721,F,BIOG,317,GUAYNABO,TER,N
841-18-0726,M,BHUM,341,VEGA BAJA,CUA,N
841-18-0757,F,BHUM,340,SAN JUAN,CUA,N
841-18-0794,M,SOFI,226,BAYAMON,TER,N
841-18-0812,F,FINA,287,BAYAMON,CUA,N
841-18-0819,M,EFEE,321,TOA BAJA,TER,N
841-18-0821,M,MERC,256,BAYAMON,SEG,N
841-18-0863,F,TIEL,303,CAROLINA,TER,N
841-18-0873,F,MERC,346,TOA ALTA,TER,N
841-18-0890,M,MERC,259,TOA ALTA,TER,N
841-18-0894,M,BHUM,315,VEGA BAJA,CUA,N
841-18-0904,F,BIOG,299,BAYAMON,CUA,N
841-18-0913,F,BIOG,345,BAYAMON,CUA,N
841-18-0968,M,CONT,262,BAYAMON,TER,N
841-18-0991,F,EFEE,317,NARANJITO,CUA,N
841-18-1003,F,BHUM,320,GUAYNABO,CUA,N
841-18-1066,M,MERC,293,BAYAMON,TER,N
841-18-1140,F,EFEE,349,NARANJITO,CUA,N
841-18-1159,F,BHUM,359,BARRANQUITAS,CUA,N
841-18-1199,M,MERC,331,BAYAMON,CUA,N
841-18-1209,F,EFEE,372,RIO GRANDE,CUA,N
841-18-1249,M,BHUM,241,TOA BAJA,TER,N
841-18-1270,F,BIOG,325,BAYAMON,CUA,N
841-18-1312,M,MERC,313,VEGA ALTA,TER,N
841-18-1320,M,BHUM,352,GUAYNABO,CUA,N
841-18-1326,F,ESCO,369,SABANA SECA,CUA,N
841-18-1329,F,ESCO,289,BAYAMON,TER,N
841-18-1344,M,GERE,225,BAYAMON,TER,N
841-18-1346,F,BHUM,313,NARANJITO,CUA,N
841-18-1401,M,TIEL,305,DORADO,TER,N
841-18-1430,F,BIOG,382,TOA ALTA,TER,N
841-18-1437,F,CONT,253,TOA BAJA,TER,N
841-18-1475,F,FINA,359,BAYAMON,TER,N
841-18-1478,F,MERC,293,BAYAMON,TER,N
841-18-1482,M,SINF,279,BAYAMON,TER,N
841-18-1483,F,BHUM,275,COROZAL,TER,N
841-18-1492,F,CONT,305,SAN JUAN,CUA,N
841-18-1497,M,BIOG,330,TOA ALTA,CUA,N
841-18-1509,F,MERC,320,BAYAMON,SEG,N
841-18-1510,F,GERE,313,YABUCOA,TER,N
841-18-1526,M,MERC,343,DORADO,CUA,N
841-18-1536,M,CONT,230,BAYAMON,SEG,N
841-18-1568,F,GERE,400,VEGA ALTA,CNB,N
841-18-1577,F,BIOG,348,NARANJITO,TER,N
841-18-1582,M,SINF,340,NARANJITO,TER,N
841-18-1583,F,CONT,279,BAYAMON,SEG,N
841-18-1589,F,SOFI,351,BAYAMON,CUA,N
841-18-1600,M,CCOM,381,BAYAMON,TER,N
841-18-1616,M,BHUM,309,TOA ALTA,CUA,N
841-18-1623,M,CCOM,190,TOA BAJA,SEG,N
841-18-1628,F,EFEE,346,COROZAL,CUA,N
841-18-1698,M,BHUM,315,BAYAMON,TER,N
841-18-1756,M,TIEL,222,BAYAMON,TER,N
841-18-1801,F,GEMA,312,BAYAMON,TER,N
841-18-1869,M,GEMA,269,CAROLINA,TER,N
841-18-1883,F,BHUM,330,TOA BAJA,CUA,N
841-18-1902,F,ESCO,391,BAYAMON,TER,N
841-18-1953,M,CCOM,289,BAYAMON,TER,N
841-18-1969,F,BIOG,329,NARANJITO,CUA,N
841-18-2041,M,CONT,354,BAYAMON,TER,N
841-18-2077,M,CCOM,314,SAN LORENZO,TER,N
841-18-2116,F,BIOG,272,TOA ALTA,TER,N
841-18-2159,F,BHUM,328,VEGA ALTA,CUA,N
841-18-2168,M,CONT,324,BAYAMON,CUA,N
841-18-2248,M,SINF,286,BARRANQUITAS,TER,N
841-18-2260,M,GERE,242,TOA BAJA,TER,N
841-18-2284,M,CONT,276,BAYAMON,TER,N
841-18-2293,F,CCOM,218,BAYAMON,SEG,N
841-18-2313,F,BHUM,389,TOA BAJA,TER,N
841-18-2418,M,BIOG,300,SAN JUAN,CUA,N
841-18-2504,F,MERC,360,BAYAMON,TER,N
841-18-2516,F,TIEL,381,GUAYNABO,TER,N
841-18-2577,F,GEMA,321,NARANJITO,TER,N
841-18-2579,F,ESCO,343,NARANJITO,CUA,N
841-18-2581,M,EFEE,344,GUAYNABO,CUA,N
841-18-2626,F,MERC,279,GUAYNABO,TER,N
841-18-2668,M,FINA,352,BAYAMON,TER,N
841-18-2695,F,BHUM,334,SAN JUAN,TER,N
841-18-2715,M,BHUM,339,TOA ALTA,CUA,N
841-18-2751,F,GERE,301,SAN JUAN,TER,N
841-18-2756,F,GERE,280,AGUAS BUENAS,TER,N
841-18-2811,F,BHUM,397,BAYAMON,CUA,N
841-18-2837,M,BIOG,336,NARANJITO,CUA,N
841-18-2891,M,BIOG,329,BAYAMON,CUA,N
841-18-2896,F,BHUM,263,DORADO,CUA,N
841-18-2903,F,MERC,290,SAN JUAN,TER,N
841-18-2959,F,GERE,240,TOA ALTA,TER,N
841-18-3007,M,CONT,377,DORADO,TER,N
841-18-3042,M,TIEL,269,BAYAMON,TER,N
841-18-3043,M,GEMA,287,CATANO,TER,N
841-18-3047,F,BHUM,353,TOA BAJA,CUA,N
841-18-3052,F,BIOG,326,COROZAL,TER,N
841-18-3069,F,SOFI,321,DORADO,CUA,N
841-18-3259,M,BHUM,233,TOA ALTA,TER,N
841-18-3301,M,ESCO,313,BAYAMON,TER,N
841-18-3362,F,MERC,319,TOA ALTA,TER,N
841-18-3402,M,SINF,293,TOA ALTA,SEG,N
841-18-3416,M,BHUM,262,BAYAMON,CUA,N
841-18-3417,M,CONT,220,SAN JUAN,TER,N
841-18-3464,F,BHUM,310,TRUJILLO ALTO,CUA,N
841-18-3488,F,BIOG,328,TOA ALTA,TER,N
841-18-3550,F,BHUM,341,MANATI,TER,N
841-18-3574,F,BHUM,347,BAYAMON,CUA,N
841-18-3592,F,GERE,337,TOA ALTA,TER,N
841-18-3603,M,SICI,275,DORADO,SEG,N
841-18-3619,M,MERC,374,BAYAMON,CUA,N
841-18-3688,M,MERC,249,TOA ALTA,TER,N
841-18-3720,M,TIEL,293,BAYAMON,TER,N
841-18-3729,F,GERE,255,GUAYNABO,TER,N
841-18-3791,M,GERE,203,BAYAMON,SEG,N
841-18-3894,M,GERE,352,CATANO,TER,N
841-18-3957,M,MERC,327,CAGUAS,TER,N
841-18-3968,M,SICI,252,SAN JUAN,SEG,N
841-18-3980,M,FINA,296,GUAYNABO,TER,N
841-18-4083,M,GERE,336,TOA BAJA,TER,N
841-18-4128,M,BHUM,384,COROZAL,CUA,N
841-18-4132,F,BHUM,356,TOA BAJA,TER,N
841-18-4142,M,CONT,259,TOA ALTA,TER,N
841-18-4186,M,MERC,331,BAYAMON,TER,N
841-18-4214,F,ESCO,363,COROZAL,TER,N
841-18-4231,F,BHUM,343,COROZAL,CUA,N
841-18-4257,F,MERC,359,COROZAL,TER,N
841-18-4285,M,TIEL,373,CAROLINA,CUA,N
841-18-4313,F,ESCO,341,VEGA ALTA,TER,N
841-18-4326,F,BIOG,387,BAYAMON,CUA,N
841-18-4343,F,BIOG,329,NARANJITO,CUA,N
841-18-4366,F,BHUM,325,BAYAMON,CUA,N
841-18-4369,F,SOFI,227,TOA ALTA,TER,N
841-18-4535,M,MERC,359,TOA BAJA,CUA,N
841-18-4570,F,MERC,369,BAYAMON,CUA,N
841-18-4573,M,BHUM,395,BAYAMON,CUA,N
841-18-4580,F,FINA,282,CAROLINA,TER,N
841-18-4582,M,CCOM,340,CAGUAS,TER,N
841-18-4635,F,BIOG,252,FAJARDO,TER,N
841-18-4658,F,GERE,367,BAYAMON,CUA,N
841-18-4683,F,CONT,222,BAYAMON,SEG,N
841-18-4697,M,BHUM,347,TOA ALTA,CUA,N
841-18-4767,F,EFEE,333,VEGA ALTA,CUA,N
841-18-4861,F,CONT,387,GUAYNABO,CUA,N
841-18-4878,M,BHUM,276,TRUJILLO ALTO,CUA,N
841-18-4890,F,BIOG,305,TOA ALTA,CUA,N
841-18-5008,F,ESCO,316,BAYAMON,TER,N
841-18-5056,M,BIOG,397,NARANJITO,CUA,N
841-18-5135,F,BIOG,299,BAYAMON,CUA,N
841-18-5192,M,BIOG,328,CAROLINA,CUA,N
841-18-5302,F,BHUM,274,SAN JUAN,TER,N
841-18-5413,F,MERC,313,AGUAS BUENAS,TER,N
841-18-5415,F,GERE,279,TOA BAJA,TER,N
841-18-5443,M,TIEL,274,TOA ALTA,TER,N
841-18-5446,F,BIOG,310,GUAYNABO,TER,N
841-18-5545,M,GEMA,293,SAN JUAN,TER,N
841-18-5620,M,BIOG,282,SAN JUAN,CUA,N
841-18-5637,M,TIEL,341,TRUJILLO ALTO,CUA,N
841-18-5675,M,SINF,263,BAYAMON,SEG,N
841-18-5686,F,CONT,348,CATANO,CUA,N
841-18-5702,M,BIOG,366,BAYAMON,CUA,N
841-18-5703,M,TIEL,310,NARANJITO,TER,N
841-18-5721,M,GEMA,342,TOA ALTA,TER,N
841-18-5742,M,SICI,199,LAS PIEDRAS,SEG,N
841-18-5743,M,CCOM,322,BAYAMON,TER,N
841-18-5790,F,BHUM,338,TOA ALTA,CUA,N
841-18-5859,M,CONT,277,VEGA ALTA,TER,N
841-18-5869,F,BIOG,349,DORADO,CUA,N
841-18-5874,F,FINA,357,CAGUAS,CUA,N
841-18-5904,M,TIEL,218,TOA BAJA,TER,N
841-18-5931,M,FINA,289,TOA BAJA,SEG,N
841-18-5942,M,CCOM,337,TOA ALTA,TER,N
841-18-5967,F,GEMA,280,BAYAMON,TER,N
841-18-6024,F,BIOG,360,BAYAMON,CUA,N
841-18-6052,F,GERE,305,TOA BAJA,TER,N
841-18-6074,F,SINF,323,BAYAMON,TER,N
841-18-6105,F,CONT,347,DORADO,CUA,N
841-18-6134,F,BIOG,288,BAYAMON,CUA,N
841-18-6145,F,GERE,231,CATANO,TER,N
841-18-6158,F,ESCO,271,CATANO,TER,N
841-18-6172,M,TIEL,247,BAYAMON,TER,N
841-18-6239,F,GERE,237,TOA ALTA,SEG,N
841-18-6295,M,BHUM,316,BAYAMON,CUA,N
841-18-6341,F,BIOG,346,COROZAL,CUA,N
841-18-6379,F,GEMA,330,GUAYNABO,CUA,N
841-18-6389,F,SOFI,242,BAYAMON,SEG,N
841-18-6448,F,BIOG,361,TOA ALTA,CUA,N
841-18-6457,F,BIOG,281,GUAYNABO,TER,N
841-18-6469,M,CONT,265,BAYAMON,TER,N
841-18-6491,M,BIOG,338,BAYAMON,CUA,N
841-18-6582,M,TIEL,257,CAGUAS,TER,N
841-18-6615,M,EFEE,350,BAYAMON,TER,N
841-18-6685,F,BIOG,400,BAYAMON,TER,N
841-18-6700,F,BHUM,340,BAYAMON,CUA,N
841-18-6736,M,EFEE,274,SAN JUAN,TER,N
841-18-6737,M,TIEL,288,VEGA BAJA,TER,N
841-18-6741,M,SINF,276,GUAYNABO,SEG,N
841-18-6745,M,FINA,344,BAYAMON,CUA,N
841-18-6754,F,EFEE,370,TRUJILLO ALTO,CUA,N
841-18-6813,F,BIOG,315,SAN JUAN,CUA,N
841-18-6922,F,SOFI,273,SAN JUAN,CUA,N
841-18-6937,M,BIOG,330,MANATI,CUA,N
841-18-6948,F,BIOG,355,MANATI,CUA,N
841-18-6969,F,BHUM,299,PONCE,TER,N
841-18-6994,M,SINF,279,CIDRA,CUA,N
841-18-7018,F,GERE,299,VEGA ALTA,TER,N
841-18-7027,M,GEMA,312,BAYAMON,TER,N
841-18-7066,M,CCOM,331,BAYAMON,TER,N
841-18-7079,M,MERC,309,TOA ALTA,TER,N
841-18-7089,F,BIOG,347,GUAYNABO,TER,N
841-18-7278,M,EFEE,322,VEGA BAJA,TER,N
841-18-7290,M,GERE,333,TOA BAJA,CUA,N
841-18-7294,M,TIEL,283,CAGUAS,TER,N
841-18-7305,M,SINF,258,VEGA BAJA,SEG,N
841-18-7466,F,SOFI,378,COROZAL,CUA,N
841-18-7490,M,BIOG,353,GUAYNABO,CUA,N
841-18-7513,F,BIOG,273,CAGUAS,CUA,N
841-18-7525,F,BIOG,327,COROZAL,CUA,N
841-18-7610,F,ESCO,287,BAYAMON,TER,N
841-18-7681,M,EFEE,249,BAYAMON,SEG,N
841-18-7761,F,CONT,283,DORADO,TER,N
841-18-7770,M,EFEE,336,NARANJITO,TER,N
841-18-7820,M,CCOM,324,VEGA BAJA,TER,N
841-18-7838,F,EFEE,372,TOA ALTA,TER,N
841-18-7839,M,MERC,328,AGUAS BUENAS,TER,N
841-18-7918,F,BHUM,255,BAYAMON,TER,N
841-18-7919,M,CONT,249,CIDRA,TER,N
841-18-7923,F,BHUM,316,TOA BAJA,CUA,N
841-18-7990,F,ESCO,264,TOA ALTA,TER,N
841-18-7991,F,BIOG,303,TOA ALTA,CUA,N
841-18-8001,F,GEMA,296,BAYAMON,TER,N
841-18-8011,M,MERC,250,BAYAMON,TER,N
841-18-8031,M,SOFI,354,SAN JUAN,CUA,N
841-18-8048,F,MERC,313,TOA BAJA,TER,N
841-18-8065,F,FINA,337,BAYAMON,CUA,N
841-18-8075,F,BHUM,315,TOA BAJA,TER,N
841-18-8135,F,BHUM,319,COROZAL,TER,N
841-18-8147,M,GERE,340,SAN JUAN,TNB,N
841-18-8157,F,BIOG,362,BAYAMON,CUA,N
841-18-8173,M,CCOM,313,CAROLINA,CUA,N
841-18-8175,F,CONT,298,BAYAMON,CUA,N
841-18-8258,F,EFEE,317,TOA BAJA,TER,N
841-18-8277,F,TIEL,307,CAROLINA,SEG,N
841-18-8365,M,BHUM,287,AGUAS BUENAS,TER,N
841-18-8389,F,BIOG,332,DORADO,CUA,N
841-18-8426,M,FINA,261,BAYAMON,TER,N
841-18-8461,F,BHUM,321,TOA ALTA,CUA,N
841-18-8481,M,GERE,316,SAN JUAN,TER,N
841-18-8657,M,BHUM,369,BAYAMON,CUA,N
841-18-8718,M,CCOM,291,TRUJILLO ALTO,TER,N
841-18-8726,M,SICI,304,CANOVANAS,TER,N
841-18-8736,F,ESCO,371,TOA BAJA,CUA,N
841-18-8765,M,EFEE,308,BAYAMON,TER,N
841-18-8792,F,SOFI,291,TOA ALTA,TER,N
841-18-8798,F,BIOG,375,DORADO,TER,N
841-18-8808,F,BIOG,357,BAYAMON,SEG,N
841-18-8933,M,BHUM,349,BAYAMON,CUA,N
841-18-8951,F,MERC,236,BAYAMON,CUA,N
841-18-8982,M,EFEE,311,VEGA ALTA,TER,N
841-18-8996,F,BIOG,249,TOA ALTA,TER,N
841-18-8998,F,CONT,347,VEGA BAJA,CUA,N
841-18-9011,M,FINA,306,MOROVIS,TER,N
841-18-9037,F,BIOG,282,TOA ALTA,TER,N
841-18-9063,M,BHUM,324,BAYAMON,CUA,N
841-18-9081,F,BIOG,319,TOA ALTA,TER,N
841-18-9092,F,CONT,320,SAN JUAN,TER,N
841-18-9143,M,TIEL,235,CAROLINA,SEG,N
841-18-9155,M,BIOG,276,SAN JUAN,TER,N
841-18-9182,F,EFEE,362,TOA ALTA,CUA,N
841-18-9238,F,ESCO,307,COMERIO,TER,N
841-18-9260,F,GERE,400,GUAYNABO,CUA,N
841-18-9297,F,ESCO,292,BAYAMON,TER,N
841-18-9350,F,EFEE,373,TOA BAJA,CUA,N
841-18-9355,F,BHUM,339,VEGA ALTA,TER,N
841-18-9376,F,EFEE,350,BAYAMON,TER,N
841-18-9383,M,CONT,357,NARANJITO,TER,N
841-18-9397,F,MERC,338,BAYAMON,CUA,N
841-18-9415,F,BIOG,208,TOA ALTA,TER,N
841-18-9451,F,CCOM,353,HUMACAO,CUA,N
841-18-9524,M,CCOM,384,BAYAMON,TER,N
841-18-9560,M,FINA,386,GUAYNABO,CUA,N
841-18-9603,F,MERC,216,BAYAMON,SEG,N
841-18-9608,M,BHUM,318,SAN JUAN,CUA,N
841-18-9622,F,ESCO,335,SAN JUAN,CUA,N
841-18-9766,M,FINA,319,GUAYNABO,TER,N
841-18-9804,F,BHUM,254,DORADO,TER,N
841-18-9807,M,GERE,271,BAYAMON,TER,N
841-18-9820,M,EFEE,331,CANOVANAS,TER,N
841-18-9832,M,MERC,351,BAYAMON,TER,N
841-18-9838,F,BHUM,380,BAYAMON,CUA,N
841-18-9853,F,GERE,294,SAN JUAN,TER,N
841-18-9875,M,FINA,337,TOA ALTA,TER,N
841-18-9902,F,CONT,325,BAYAMON,TER,N
841-18-9906,M,SINF,270,VEGA ALTA,TER,N
841-18-9947,M,BHUM,331,GUAYNABO,CUA,N
841-18-9953,F,CONT,365,BAYAMON,CUA,N
841-19-0026,F,BHUM,338,GUAYNABO,TER,N
841-19-0034,M,ESCO,343,CAGUAS,TER,N
841-19-0167,M,EFEE,288,PONCE,SEG,N
841-19-0183,M,MERC,318,SAN JUAN,SEG,N
841-19-0184,M,TIEL,229,CATANO,SEG,N
841-19-0195,M,SINF,347,BAYAMON,SEG,N
841-19-0198,M,CCOM,289,SAN JUAN,TER,N
841-19-0218,F,BIOG,282,OROCOVIS,SEG,N
841-19-0257,M,SICI,276,SAN JUAN,SEG,N
841-19-0276,M,GERE,238,TOA BAJA,SEG,N
841-19-0302,M,SINF,261,CAGUAS,SEG,N
841-19-0305,F,CONT,291,TOA ALTA,SEG,N
841-19-0332,M,TIEL,177,MANATI,SEG,N
841-19-0360,F,BIOG,305,SAN JUAN,SEG,N
841-19-0381,F,MERC,262,TOA BAJA,SEG,N
841-19-0417,F,BIOG,379,CATANO,TER,N
841-19-0445,F,BIOG,361,GUAYNABO,SEG,N
841-19-0460,M,TIEL,322,TOA ALTA,SEG,N
841-19-0531,F,BHUM,294,VEGA BAJA,SEG,N
841-19-0541,M,BIOG,298,SAN JUAN,SEG,N
841-19-0597,M,FINA,289,CAROLINA,SEG,N
841-19-0619,M,MERC,336,BAYAMON,TER,N
841-19-0623,M,BHUM,400,COROZAL,TER,N
841-19-0660,F,BIOG,317,BAYAMON,SEG,N
841-19-0662,F,BIOG,258,TOA ALTA,SEG,N
841-19-0670,M,EFEE,236,BAYAMON,SEG,N
841-19-0694,M,GEMA,231,TOA ALTA,SEG,N
841-19-0733,F,EFEE,321,CATANO,SEG,N
841-19-0801,F,BHUM,366,SAN JUAN,TER,N
841-19-0807,F,BIOG,267,GUAYNABO,SEG,N
841-19-0825,M,TIEL,298,BAYAMON,SEG,N
841-19-0828,F,CONT,394,AGUAS BUENAS,TER,N
841-19-0922,M,SINF,326,BAYAMON,SEG,N
841-19-0934,M,CCOM,321,VEGA BAJA,SEG,N
841-19-0982,F,GERE,384,TOA ALTA,SEG,N
841-19-0998,F,EFEE,377,BAYAMON,TER,N
841-19-1023,F,ESCO,293,TOA BAJA,TER,N
841-19-1046,F,BHUM,323,SABANA HOYOS,TER,N
841-19-1072,F,BHUM,281,CAROLINA,TER,N
841-19-1128,F,BIOG,308,BAYAMON,SEG,N
841-19-1132,F,ESCO,371,BAYAMON,SEG,N
841-19-1169,M,MERC,270,TOA ALTA,SEG,N
841-19-1178,F,BHUM,363,COROZAL,TER,N
841-19-1236,F,BHUM,312,BAYAMON,TER,N
841-19-1337,M,GEMA,311,CIDRA,SEG,N
841-19-1366,F,GERE,388,TOA ALTA,TER,N
841-19-1371,M,CONT,379,BAYAMON,SEG,N
841-19-1376,F,SOFI,383,BAYAMON,TER,N
841-19-1409,F,BHUM,305,BAYAMON,TER,N
841-19-1490,F,EFEE,318,BAYAMON,SEG,N
841-19-1497,M,BIOG,331,GUAYNABO,SEG,N
841-19-1594,M,TIEL,339,TOA ALTA,TER,N
841-19-1617,F,EFEE,317,AGUAS BUENAS,SEG,N
841-19-1624,F,ESCO,323,BAYAMON,SEG,N
841-19-1639,F,SOFI,340,BAYAMON,TER,N
841-19-1660,F,MERC,266,BAYAMON,SEG,N
841-19-1692,F,EFEE,350,SAN JUAN,SEG,N
841-19-1716,F,BHUM,395,BAYAMON,TER,N
841-19-1734,M,FINA,267,BAYAMON,SEG,N
841-19-1749,M,TIEL,348,BAYAMON,TER,N
841-19-1752,F,GEMA,253,GUAYNABO,SEG,N
841-19-1769,M,MERC,316,TOA BAJA,SEG,N
841-19-1783,F,GERE,368,TOA BAJA,SEG,N
841-19-1817,M,CONT,293,CATANO,SEG,N
841-19-1863,M,BIOG,290,BAYAMON,SEG,N
841-19-1879,F,ESCO,283,MOROVIS,SEG,N
841-19-1903,M,BHUM,400,BAYAMON,TER,N
841-19-1907,F,ESCO,338,BAYAMON,SEG,N
841-19-1928,M,TIEL,277,TOA ALTA,SEG,N
841-19-1933,F,FINA,368,BAYAMON,TER,N
841-19-1937,M,CONT,345,CAROLINA,TER,N
841-19-1938,F,GEMA,291,BAYAMON,SEG,N
841-19-1940,F,EFEE,366,CAGUAS,SEG,N
841-19-1946,F,MERC,314,SAN JUAN,SEG,N
841-19-1976,M,BIOG,278,BAYAMON,TER,N
841-19-1984,,EFEE,305,GUAYNABO,SEG,N
841-19-1988,F,BHUM,276,BAYAMON,TER,N
841-19-2075,M,SOFI,258,TOA ALTA,SEG,N
841-19-2116,M,CCOM,308,GUAYNABO,SEG,N
841-19-2190,F,BIOG,331,SAN JUAN,SEG,N
841-19-2274,M,FINA,297,BAYAMON,SEG,N
841-19-2286,M,EFEE,345,DORADO,SEG,N
841-19-2300,F,MERC,339,RIO GRANDE,SEG,N
841-19-2305,F,TIEL,271,TOA BAJA,SEG,N
841-19-2313,M,CONT,352,RIO GRANDE,SEG,N
841-19-2316,F,CCOM,293,NAGUABO,SEG,N
841-19-2419,M,SINF,309,BAYAMON,SEG,N
841-19-2478,M,SOFI,236,TOA ALTA,SEG,N
841-19-2508,F,SINF,309,BAYAMON,SEG,N
841-19-2510,F,ESCO,290,TOA ALTA,SEG,N
841-19-2564,F,MERC,312,BAYAMON,SEG,N
841-19-2571,M,TIEL,317,BARRANQUITAS,TER,N
841-19-2574,F,CONT,339,AGUAS BUENAS,SEG,N
841-19-2592,M,BHUM,336,TOA ALTA,SEG,N
841-19-2630,M,CCOM,400,BAYAMON,TER,N
841-19-2646,F,BHUM,316,BAYAMON,SEG,N
841-19-2688,F,BHUM,278,CIALES,SEG,N
841-19-2716,M,CONT,293,GUAYNABO,TER,N
841-19-2723,F,MERC,357,BAYAMON,TER,N
841-19-2767,F,CONT,367,BAYAMON,SEG,N
841-19-2782,M,EFEE,370,BAYAMON,SEG,N
841-19-2825,M,EFEE,326,CAGUAS,SEG,N
841-19-2829,M,CONT,233,GUAYNABO,SEG,N
841-19-2846,F,BIOG,311,TOA ALTA,SEG,N
841-19-2879,F,CONT,310,BAYAMON,TER,N
841-19-2914,M,BHUM,276,CAMUY,SEG,N
841-19-2940,F,BIOG,320,DORADO,TER,N
841-19-2946,F,BHUM,353,NARANJITO,TER,N
841-19-2989,F,BIOG,327,NARANJITO,SEG,N
841-19-3032,F,EFEE,364,VEGA BAJA,SEG,N
841-19-3034,M,BHUM,329,LUQUILLO,TER,N
841-19-3063,F,FINA,300,TOA ALTA,SEG,N
841-19-3091,M,FINA,194,BAYAMON,SEG,N
841-19-3153,F,MERC,302,CAROLINA,SEG,N
841-19-3197,M,FINA,343,VEGA ALTA,SEG,N
841-19-3217,M,BHUM,360,DORADO,TER,N
841-19-3277,F,BHUM,286,BAYAMON,TER,N
841-19-3299,F,BHUM,330,GUAYNABO,TER,N
841-19-3317,M,CONT,252,BAYAMON,SEG,N
841-19-3382,M,SINF,281,PUERTO REAL,SEG,N
841-19-3392,M,SICI,285,TOA ALTA,SEG,N
841-19-3418,F,FINA,400,NARANJITO,SEG,N
841-19-3527,M,SICI,298,BAYAMON,SEG,N
841-19-3562,F,CONT,295,AGUAS BUENAS,TER,N
841-19-3563,M,SICI,307,TOA ALTA,SEG,N
841-19-3607,F,BHUM,289,GUAYNABO,SEG,N
841-19-3640,M,MERC,246,TRUJILLO ALTO,SEG,N
841-19-3655,M,CONT,338,BAYAMON,TER,N
841-19-3657,F,ESCO,322,TOA BAJA,TER,N
841-19-3696,F,BHUM,251,TOA ALTA,SEG,N
841-19-3756,F,BHUM,332,SAN JUAN,TER,N
841-19-3757,F,BHUM,309,TOA BAJA,TER,N
841-19-3785,F,ESCO,329,BAYAMON,SEG,N
841-19-3819,F,EFEE,317,BAYAMON,SEG,N
841-19-3875,F,MERC,280,BAYAMON,SEG,N
841-19-3878,F,BHUM,304,VEGA BAJA,TER,N
841-19-3892,F,BHUM,344,AGUAS BUENAS,TER,N
841-19-3913,F,EFEE,353,NARANJITO,SEG,N
841-19-3934,M,CONT,286,GUAYNABO,SEG,N
841-19-3953,F,BIOG,236,NARANJITO,SEG,N
841-19-3972,M,SINF,289,SAN JUAN,SEG,N
841-19-3977,M,MERC,243,TOA BAJA,SEG,N
841-19-3997,F,BIOG,306,SAN JUAN,SEG,N
841-19-4042,M,CONT,349,BAYAMON,TER,N
841-19-4046,F,EFEE,316,BAYAMON,SEG,N
841-19-4075,M,CCOM,292,JUNCOS,SEG,N
841-19-4076,F,ESCO,284,CATANO,SEG,N
841-19-4080,M,SINF,233,GURABO,SEG,N
841-19-4109,F,ESCO,247,GUAYANBO,SEG,N
841-19-4120,F,BHUM,276,BARRANQUITAS,SEG,N
841-19-4125,F,BIOG,342,GUAYNABO,SEG,N
841-19-4136,M,GERE,256,SAN JUAN,SEG,N
841-19-4137,F,CONT,335,BAYAMON,TER,N
841-19-4153,M,CCOM,268,SAN JUAN,SEG,N
841-19-4164,F,BIOG,329,CAROLINA,TER,N
841-19-4170,F,CONT,362,BAYAMON,TER,N
841-19-4180,M,CONT,354,TOA ALTA,TER,N
841-19-4204,M,TIEL,297,BAYAMON,SEG,N
841-19-4224,F,EFEE,366,CAGUAS,SEG,N
841-19-4241,F,BHUM,291,SAN JUAN,SEG,N
841-19-4249,F,BHUM,307,CAROLINA,SEG,N
841-19-4311,M,SINF,355,BAYAMON,SEG,N
841-19-4352,F,FINA,285,TOA ALTA,SEG,N
841-19-4384,M,TIEL,327,CIDRA,SEG,N
841-19-4410,M,TIEL,352,TOA ALTA,SEG,N
841-19-4475,F,BHUM,358,DORADO,TER,N
841-19-4476,M,BIOG,249,RIO GRANDE,TER,N
841-19-4494,M,TIEL,279,BAYAMON,SEG,N
841-19-4509,F,SINF,295,TOA ALTA,SEG,N
841-19-4545,M,TIEL,282,TRUJILLO ALTO,SEG,N
841-19-4558,F,BIOG,322,BAYAMON,TER,N
841-19-4581,F,BHUM,377,BAYAMON,TER,N
841-19-4612,F,ESCO,335,CIDRA,SEG,N
841-19-4623,M,BIOG,255,FAJARDO,SEG,N
841-19-4710,F,FINA,311,TOA ALTA,SEG,N
841-19-4739,F,BHUM,394,SAN JUAN,TER,N
841-19-4749,M,BHUM,300,GUAYNABO,TER,N
841-19-4770,F,ESCO,344,NARANJITO,SEG,N
841-19-4783,M,TIEL,251,TRUJILLO ALTO,SEG,N
841-19-4836,F,MERC,361,BAYAMON,TER,N
841-19-4864,M,BIOG,325,BAYAMON,TER,N
841-19-4873,M,GERE,361,BAYAMON,SNB,N
841-19-4927,F,CONT,361,NARANJITO,TER,N
841-19-4935,M,CONT,344,DORADO,SEG,N
841-19-4955,F,ESCO,290,TOA BAJA,SEG,N
841-19-5010,F,FINA,336,CAROLINA,SEG,N
841-19-5081,F,BHUM,365,DORADO,SEG,N
841-19-5100,F,BIOG,300,GURABO,SEG,N
841-19-5134,F,EFEE,400,COROZAL,SEG,N
841-19-5136,M,CCOM,304,COROZAL,SEG,N
841-19-5154,M,GEMA,331,AGUAS BUENAS,SEG,N
841-19-5172,M,GERE,258,BAYAMON,SEG,N
841-19-5178,F,BHUM,392,TOA ALTA,TER,N
841-19-5181,F,EFEE,331,GUAYNABO,SEG,N
841-19-5189,F,BHUM,189,DORADO,SEG,N
841-19-5194,M,CONT,382,BAYAMON,SEG,N
841-19-5216,F,TIEL,328,TOA ALTA,SEG,N
841-19-5236,M,GEMA,235,COROZAL,SEG,N
841-19-5266,M,CONT,269,BAYAMON,SEG,N
841-19-5269,F,BIOG,328,CATANO,SEG,N
841-19-5277,F,MERC,372,BAYAMON,SEG,N
841-19-5292,F,BIOG,241,HATILLO,SEG,N
841-19-5309,M,CONT,379,TOA ALTA,TER,N
841-19-5319,M,FINA,206,DORADO,SEG,N
841-19-5336,M,CONT,333,COROZAL,SEG,N
841-19-5370,F,BHUM,342,TOA BAJA,SEG,N
841-19-5373,F,CONT,365,BAYAMON,SEG,N
841-19-5422,F,GEMA,335,CAGUAS,SEG,N
841-19-5426,F,ESCO,347,NARANJITO,SEG,N
841-19-5440,M,TIEL,365,BAYAMON,TER,N
841-19-5443,M,BIOG,343,BAYAMON,TER,N
841-19-5573,F,BIOG,325,BAYAMON,TER,N
841-19-5595,M,CONT,293,BAYAMON,SEG,N
841-19-5613,F,ESCO,331,TOA BAJA,SEG,N
841-19-5630,F,GERE,384,BAYAMON,TER,N
841-19-5739,M,FINA,281,VEGA ALTA,SEG,N
841-19-5744,F,MERC,319,CAROLINA,SEG,N
841-19-5823,M,CONT,354,TOA BAJA,TER,N
841-19-5843,F,MERC,347,COMERIO,SEG,N
841-19-5867,F,ESCO,290,BAYAMON,SEG,N
841-19-5876,M,GEMA,268,NARANJITO,SEG,N
841-19-5910,M,BIOG,346,BAYAMON,SEG,N
841-19-5923,M,FINA,303,CAGUAS,SEG,N
841-19-5937,F,CONT,328,BAYAMON,TER,N
841-19-5938,F,EFEE,376,SAN JUAN,SEG,N
841-19-5947,M,TIEL,295,VEGA BAJA,SEG,N
841-19-5956,M,MERC,230,GUAYNABO,SEG,N
841-19-5960,M,BIOG,297,TOA ALTA,TER,N
841-19-5989,M,BHUM,347,MOROVIS,SEG,N
841-19-6009,F,BHUM,332,BAYAMON,TER,N
841-19-6024,M,SINF,268,CAGUAS,SEG,N
841-19-6032,M,CONT,306,GUAYNABO,SEG,N
841-19-6035,M,TIEL,288,TRUJILLO ALTO,SEG,N
841-19-6077,F,MERC,324,BAYAMON,TER,N
841-19-6158,F,BIOG,341,BAYAMON,SEG,N
841-19-6159,F,ESCO,371,BAYAMON,SEG,N
841-19-6174,F,BHUM,355,BAYAMON,TER,N
841-19-6187,F,MERC,305,BAYAMON,SEG,N
841-19-6196,M,BIOG,304,TOA ALTA,TER,N
841-19-6206,F,BIOG,290,TOA BAJA,TER,N
841-19-6268,F,BIOG,327,TOA BAJA,SEG,N
841-19-6339,F,SOFI,221,TOA ALTA,SEG,N
841-19-6366,M,TIEL,366,COROZAL,SEG,N
841-19-6374,F,CONT,395,BAYAMON,TER,N
841-19-6387,F,BHUM,361,GUAYNABO,TER,N
841-19-6430,F,BHUM,389,BARRANQUITAS,TER,N
841-19-6451,F,SICI,387,GUAYNABO,TER,N
841-19-6522,F,BHUM,296,TOA ALTA,SEG,N
841-19-6548,M,EFEE,317,TOA ALTA,SEG,N
841-19-6571,M,GEMA,305,DORADO,TER,N
841-19-6679,F,BHUM,282,CAROLINA,TER,N
841-19-6704,F,BHUM,339,TOA ALTA,TER,N
841-19-6739,M,TIEL,241,TOA BAJA,SEG,N
841-19-6758,M,GERE,337,TOA ALTA,SEG,N
841-19-6807,F,ESCO,280,TOA BAJA,SEG,N
841-19-6848,F,MERC,303,GUAYNABO,SEG,N
841-19-6884,M,BIOG,299,COMERIO,TER,N
841-19-6901,F,MERC,365,BAYAMON,TER,N
841-19-6902,F,SOFI,363,GUAYNABO,SEG,N
841-19-6926,M,CONT,314,TOA ALTA,SEG,N
841-19-6939,M,FINA,266,CATANO,SEG,N
841-19-6946,M,SOFI,280,SAN JUAN,SEG,N
841-19-6988,F,MERC,308,BAYAMON,SEG,N
841-19-6990,M,MERC,289,BAYAMON,SEG,N
841-19-7031,M,CCOM,293,SABANA SECA,SEG,N
841-19-7049,F,BIOG,293,VEGA BAJA,TER,N
841-19-7079,M,BIOG,359,TOA ALTA,TER,N
841-19-7095,F,CONT,394,BAYAMON,SEG,N
841-19-7106,M,GERE,264,TOA ALTA,SEG,N
841-19-7108,M,GERE,241,TOA BAJA,SEG,N
841-19-7139,M,GEMA,313,TOA ALTA,SEG,N
841-19-7153,F,GERE,353,SAN JUAN,SEG,N
841-19-7156,F,BHUM,343,BAYAMON,TER,N
841-19-7161,F,BHUM,379,RIO GRANDE,TER,N
841-19-7170,F,BIOG,258,SAN JUAN,SEG,N
841-19-7239,F,GERE,300,BAYAMON,SEG,N
841-19-7258,F,SOFI,380,TOA BAJA,TER,N
841-19-7293,F,BIOG,354,SAN JUAN,TER,N
841-19-7312,M,FINA,302,BAYAMON,SEG,N
841-19-7362,F,ESCO,338,BAYAMON,TER,N
841-19-7366,F,BHUM,338,NARANJITO,SEG,N
841-19-7405,F,BIOG,227,TOA ALTA,SEG,N
841-19-7425,M,SINF,248,TOA ALTA,SEG,N
841-19-7452,M,CONT,360,DORADO,TER,N
841-19-7458,M,EFEE,326,VEGA BAJA,SEG,N
841-19-7492,F,BIOG,382,BAYAMON,SEG,N
841-19-7512,M,SINF,318,BAYAMON,SEG,N
841-19-7566,M,BHUM,270,BARRANQUITAS,SEG,N
841-19-7659,F,GERE,320,CATANO,SEG,N
841-19-7689,F,MERC,400,TOA BAJA,SEG,N
841-19-7693,M,BHUM,261,TOA ALTA,SEG,N
841-19-7706,F,BHUM,356,GUAYNABO,SEG,N
841-19-7725,M,BHUM,319,TOA ALTA,SEG,N
841-19-7780,F,SOFI,250,BAYAMON,SEG,N
841-19-7836,M,CONT,320,TOA BAJA,TER,N
841-19-7841,M,CCOM,291,VEGA ALTA,SEG,N
841-19-7908,F,EFEE,326,VEGA ALTA,SEG,N
841-19-7982,F,ESCO,342,BAYAMON,SEG,N
841-19-7997,F,BIOG,321,TRUJILLO ALTO,SEG,N
841-19-8039,M,BHUM,275,CATANO,SEG,N
841-19-8094,M,EFEE,340,BAYAMON,SEG,N
841-19-8155,F,BHUM,363,SAN JUAN,TER,N
841-19-8160,M,SINF,289,BAYAMON,SEG,N
841-19-8163,M,BHUM,326,NARANJITO,TER,N
841-19-8200,F,BHUM,341,DORADO,TER,N
841-19-8234,M,BIOG,326,TOA ALTA,SEG,N
841-19-8253,F,ESCO,338,NARANJITO,SEG,N
841-19-8271,F,CCOM,292,BAYAMON,SEG,N
841-19-8320,F,BIOG,305,DORADO,SEG,N
841-19-8334,M,EFEE,336,TOA ALTA,SEG,N
841-19-8339,F,ESCO,368,BAYAMON,TER,N
841-19-8354,F,BHUM,391,GUAYNABO,TER,N
841-19-8384,,BIOG,235,BAYAMON,SEG,N
841-19-8407,F,CONT,354,BAYAMON,TER,N
841-19-8458,F,BIOG,323,VEGA BAJA,TER,N
841-19-8473,M,BHUM,373,BAYAMON,TER,N
841-19-8542,M,BIOG,316,COROZAL,SEG,N
841-19-8548,M,GERE,250,OROCOVIS,SEG,N
841-19-8559,F,EFEE,349,VEGA ALTA,SEG,N
841-19-8562,F,GERE,331,BAYAMON,SEG,N
841-19-8590,M,BHUM,318,GUAYNABO,SEG,N
841-19-8633,F,BHUM,379,MANATI,SEG,N
841-19-8659,F,GERE,355,DORADO,SEG,N
841-19-8679,M,CONT,375,COROZAL,TER,N
841-19-8702,,TIEL,209,BAYAMON,SEG,N
841-19-8719,F,FINA,270,CAGUAS,SEG,N
841-19-8722,F,FINA,370,GUAYNABO,SEG,N
841-19-8765,M,SINF,221,CANOVANAS,SEG,N
841-19-8817,M,BIOG,313,SAN JUAN,TER,N
841-19-8848,F,SOFI,369,BAYAMON,SEG,N
841-19-8903,F,BIOG,327,GUAYNABO,TER,N
841-19-8931,M,FINA,308,BAYAMON,SEG,N
841-19-8933,F,ESCO,317,BAYAMON,SEG,N
841-19-8935,F,BIOG,363,TOA ALTA,SEG,N
841-19-8947,F,GEMA,279,BAYAMON,SEG,N
841-19-9012,M,TIEL,316,LOIZA,TER,N
841-19-9046,M,CONT,312,BAYAMON,SEG,N
841-19-9086,M,BHUM,287,GUAYNABO,TER,N
841-19-9094,F,ESCO,344,BAYAMON,SEG,N
841-19-9153,F,ESCO,343,TOA ALTA,SEG,N
841-19-9160,M,SICI,268,VEGA ALTA,SEG,N
841-19-9179,M,TIEL,369,OROCOVIS,SEG,N
841-19-9206,F,BIOG,376,HATILLO,TER,N
841-19-9241,F,BHUM,355,BAYAMON,TER,N
841-19-9263,M,MERC,235,DORADO,SEG,N
841-19-9271,F,BIOG,349,GUAYNABO,TER,N
841-19-9291,F,FINA,358,BAYAMON,SEG,N
841-19-9302,M,EFEE,345,BAYAMON,SEG,N
841-19-9355,F,MERC,381,TOA ALTA,SEG,N
841-19-9365,M,MERC,329,NARANJITO,TER,N
841-19-9381,M,BIOG,309,TOA BAJA,SEG,N
841-19-9439,M,GEMA,236,BAYAMON,SEG,N
841-19-9441,F,BIOG,267,BAYAMON,SEG,N
841-19-9495,M,FINA,288,BAYAMON,SEG,N
841-19-9557,M,EFEE,354,BAYAMON,TER,N
841-19-9597,M,BIOG,303,BAYAMON,TER,N
841-19-9614,M,BHUM,329,BAYAMON,SEG,N
841-19-9624,F,BIOG,383,NARANJITO,TER,N
841-19-9675,F,BHUM,316,GUAYNABO,SEG,N
841-19-9758,F,EFEE,382,BAYAMON,TER,N
841-19-9764,F,BHUM,262,TOA ALTA,SEG,N
841-19-9812,M,MERC,260,BAYAMON,SEG,N
841-19-9825,F,ESCO,369,TOA BAJA,SEG,N
841-19-9834,F,BHUM,358,COROZAL,SEG,N
841-19-9840,F,CCOM,298,TOA ALTA,SEG,N
841-19-9910,F,ESCO,294,VEGA BAJA,TER,N
841-19-9929,M,SICI,258,TOA ALTA,SEG,N
841-19-9944,F,CONT,356,NARANJITO,SEG,N
841-20-0094,M,TIEL,303,BAYAMON,SEG,N
841-20-0265,M,EFEE,273,GUAYNABO,SEG,N
841-20-0413,F,BHUM,338,BAYAMON,SEG,N
841-20-0595,F,BHUM,375,NARANJITO,SEG,N
841-20-0648,M,MERC,383,BAYAMON,SEG,N
841-20-0808,F,BIOG,346,BAYAMON,SEG,N
841-20-0896,M,BHUM,332,SAN JUAN,SEG,N
841-20-1049,M,GERE,357,BAYAMON,SEG,N
841-20-1229,F,BIOG,350,VEGA ALTA,SEG,N
841-20-1277,F,BIOG,373,BAYAMON,SEG,N
841-20-1547,F,CONT,317,SAN JUAN,SEG,N
841-20-1584,F,BHUM,343,CAROLINA,SEG,N
841-20-1665,F,SOFI,291,TOA BAJA,SEG,N
841-20-1759,F,BHUM,277,TOA BAJA,SEG,N
841-20-1833,F,ESCO,308,BAYAMON,SEG,N
841-20-1962,F,EFEE,355,BAYAMON,SEG,N
841-20-2002,F,ESCO,342,BAYAMON,SEG,N
841-20-2032,M,BIOG,318,BAYAMON,SEG,N
841-20-2047,M,BHUM,271,COROZAL,SEG,N
841-20-2105,F,BHUM,310,HUMACAO,SEG,N
841-20-2385,F,ESCO,325,BAYAMON,SEG,N
841-20-2585,F,BHUM,337,BAYAMON,SEG,N
841-20-2734,M,BIOG,326,TRUJILLO ALTO,SEG,N
841-20-2906,F,CONT,309,GUAYNABO,SEG,N
841-20-3069,M,BHUM,355,VEGA ALTA,SEG,N
841-20-3183,F,BHUM,305,SAN JUAN,SEG,N
841-20-3187,M,BIOG,312,VEGA BAJA,SEG,N
841-20-3282,F,BIOG,309,BAYAMON,SEG,N
841-20-3359,M,TIEL,314,CAGUAS,SEG,N
841-20-3500,F,SOFI,344,COROZAL,SEG,N
841-20-3645,M,EFEE,291,GUAYNABO,SEG,N
841-20-3676,F,BIOG,314,SAN JUAN,SEG,N
841-20-3797,F,SOFI,309,OROCOVIS,SEG,N
841-20-3835,F,MERC,371,TOA BAJA,SEG,N
841-20-3891,,SICI,331,NARANJITO,SEG,N
841-20-3897,F,BHUM,295,BAYAMON,SEG,N
841-20-4155,F,BHUM,309,BAYAMON,SEG,N
841-20-4177,M,TIEL,279,LAS PIEDRAS,SEG,N
841-20-4215,M,BIOG,316,BAYAMON,SEG,N
841-20-4217,F,BHUM,365,NARANJITO,SEG,N
841-20-4301,F,BHUM,262,CAGUAS,SEG,N
841-20-4306,F,GEMA,384,CAROLINA,SEG,N
841-20-4578,F,MERC,356,VEGA BAJA,SEG,N
841-20-4660,F,BHUM,313,BAYAMON,SEG,N
841-20-4795,F,BHUM,388,COROZAL,SEG,N
841-20-4820,F,TIEL,297,LAS PIEDRAS,SEG,N
841-20-4966,F,ESCO,336,TRUJILLO ALTO,SEG,N
841-20-5110,F,BHUM,400,BAYAMON,SEG,N
841-20-5154,F,BHUM,347,BAYAMON,SEG,N
841-20-5226,M,BIOG,374,TOA ALTA,SEG,N
841-20-5496,F,BIOG,294,BAYAMON,SEG,N
841-20-6266,F,EFEE,336,BAYAMON,SEG,N
841-20-6315,F,BHUM,386,TOA ALTA,SEG,N
841-20-6329,F,BIOG,335,SAN JUAN,SEG,N
841-20-6362,M,TIEL,325,CAGUAS,SEG,N
841-20-6469,F,EFEE,364,BAYAMON,SEG,N
841-20-6649,F,BIOG,286,BAYAMON,SEG,N
841-20-6720,F,BHUM,328,BAYAMON,SEG,N
841-20-7025,F,BIOG,388,BAYAMON,SEG,N
841-20-7229,M,CONT,383,BAYAMON,SEG,N
841-20-7394,F,ESCO,355,TOA ALTA,SEG,N
841-20-7476,M,MERC,334,BAYAMON,SEG,N
841-20-7529,F,ESCO,373,COMERIO,SEG,N
841-20-7758,F,BHUM,311,BAYAMON,SEG,N
841-20-7799,M,TIEL,288,TOA ALTA,SEG,N
841-20-7875,F,BHUM,318,GUAYNABO,SEG,N
841-20-8022,F,SOFI,382,GUAYNABO,SEG,N
841-20-8213,F,BIOG,362,TOA ALTA,SEG,N
841-20-8297,F,BHUM,348,SAN JUAN,SEG,N
841-20-8449,M,BIOG,309,BAYAMON,SEG,N
841-20-8516,F,BHUM,368,VEGA BAJA,SEG,N
841-20-8571,F,ESCO,325,BAYAMON,SEG,N
841-20-8701,F,ESCO,382,BAYAMON,SEG,N
841-20-8711,M,BHUM,274,BAYAMON,SEG,N
841-20-8716,F,GEMA,321,COROZAL,SEG,N
841-20-8885,M,BIOG,300,DORADO,SEG,N
841-20-9022,F,FINA,309,BAYAMON,SEG,N
841-20-9041,M,TIEL,267,AGUAS BUENAS,SEG,N
841-20-9207,F,SOFI,340,NARANJITO,SEG,N
841-20-9258,F,BHUM,364,DORADO,SEG,N
841-20-9264,F,BHUM,350,NARANJITO,SEG,N
841-20-9510,F,BHUM,400,GUAYNABO,SEG,N
841-20-9620,F,BIOG,315,SAN JUAN,SEG,N
841-20-9653,F,BIOG,259,TOA ALTA,SEG,N
841-20-9792,F,BIOG,284,TOA ALTA,SEG,N
841-20-9952,M,BHUM,265,DORADO,SEG,N
841-20-9982,M,BIOG,341,CAROLINA,SEG,N
841-80-3232,F,FINA,250,GUAYNABO,CNB,N
841-95-3936,F,ESCO,253,BAYAMON,CUA,N
841-96-0351,M,FINA,267,COROZAL,CUA,N
841-97-0186,F,GERE,326,BAYAMON,CNB,N
841-99-5423,F,GERE,234,CATANO,SNB,N
841-99-5649,M,CONT,291,BAYAMON,6TO,N
841-07-2709,M,TIEL,209,BAYAMON,CUA,Y
841-07-5499,F,CONT,372,TOA BAJA,6TO,Y
841-08-0977,F,ESCO,298,BAYAMON,CUA,Y
841-09-3015,M,ESCO,271,TOA BAJA,CUA,Y
841-11-4260,F,BHUM,389,GUAYNABO,CUA,Y
841-11-5164,F,ESCO,308,GUAYNABO,CUA,Y
841-11-5180,M,BHUM,236,TOA BAJA,CUA,Y
841-11-5860,F,SOFI,153,SAN LORENZO,SEG,Y
841-11-7255,M,TIEL,244,TOA ALTA,CUA,Y
841-12-3069,M,BHUM,224,SAN JUAN,CUA,Y
841-12-6813,M,SINF,299,BAYAMON,CUA,Y
841-12-7218,M,CONT,227,TOA ALTA,CNB,Y
841-13-0970,M,TIEL,280,VEGA BAJA,CUA,Y
841-13-2350,M,GEMA,246,TOA ALTA,CUA,Y
841-13-3940,M,TIEL,284,TOA BAJA,CUA,Y
841-13-5095,F,ESCO,265,CAROLINA,CUA,Y
841-13-6360,F,BIOG,270,DORADO,CUA,Y
841-13-6440,F,EFEE,293,YAUCO,CUA,Y
841-13-6750,F,BIOG,274,VEGA BAJA,CUA,Y
841-13-7720,M,SINF,230,TOA ALTA,SEG,Y
841-14-0750,M,TIEL,285,CAYEY,CUA,Y
841-14-1273,F,CONT,256,BAYAMON,CUA,Y
841-14-3957,M,BHUM,288,BAYAMON,CUA,Y
841-14-4390,M,CCOM,255,VEGA BAJA,CUA,Y
841-14-5480,M,TIEL,237,BARRANQUITAS,CUA,Y
841-14-5874,M,BIOG,282,CAROLINA,CUA,Y
841-14-6365,F,BHUM,338,TOA ALTA,6TO,Y
841-14-7140,F,TIEL,275,SAN LORENZO,CUA,Y
841-14-7520,M,GEMA,294,CAGUAS,CUA,Y
841-14-8330,M,TIEL,275,BAYAMON,CUA,Y
841-14-8530,F,MERC,266,BAYAMON,CUA,Y
841-15-0087,F,ESCO,339,SAN JUAN,CUA,Y
841-15-0790,F,BIOG,282,TOA ALTA,TER,Y
841-15-1650,F,BIOG,269,MOROVIS,CUA,Y
841-15-1716,F,GERE,303,BAYAMON,TNB,Y
841-15-2320,M,CCOM,327,BAYAMON,CUA,Y
841-15-2810,M,CCOM,191,SAN JUAN,SEG,Y
841-15-3750,M,SINF,310,JUNCOS,CUA,Y
841-15-4330,M,MERC,249,BAYAMON,CUA,Y
841-15-4740,F,ESCO,302,GUAYNABO,CUA,Y
841-15-5662,M,TIEL,229,BAYAMON,TER,Y
841-15-6220,F,TIEL,216,CANOVANAS,TER,Y
841-15-6645,F,BIOG,232,ISABELA,CUA,Y
841-15-6860,M,SINF,300,TOA ALTA,CUA,Y
841-15-7100,M,SICI,355,VEGA BAJA,CUA,Y
841-15-7140,M,CONT,254,TOA BAJA,CUA,Y
841-15-7235,M,BIOG,342,BAYAMON,CUA,Y
841-15-8770,M,GERE,267,VEGA ALTA,CUA,Y
841-15-8840,M,GERE,243,TOA BAJA,CUA,Y
841-15-8895,F,BHUM,350,GUAYNABO,CUA,Y
841-15-9150,M,FINA,247,TRUJILLO ALTO,TER,Y
841-15-9230,F,MERC,238,SAN JUAN,TNB,Y
841-15-9820,M,SINF,334,BAYAMON,CUA,Y
841-15-9890,F,FINA,224,BAYAMON,SNB,Y
841-15-9920,F,BIOG,252,AGUAS BUENAS,CUA,Y
841-15-9940,F,ESCO,257,BAYAMON,CUA,Y
841-16-0235,M,CCOM,260,SAN JUAN,CUA,Y
841-16-0880,M,TIEL,269,BAYAMON,CUA,Y
841-16-0960,F,GEMA,319,GUAYNABO,CUA,Y
841-16-1195,M,GERE,269,COROZAL,CUA,Y
841-16-1490,M,BHUM,256,VEGA ALTA,CUA,Y
841-16-1768,F,CONT,282,SAN JUAN,CUA,Y
841-16-2090,F,BIOG,249,VEGA BAJA,CUA,Y
841-16-2335,M,GERE,288,SAN JUAN,TNB,Y
841-16-2580,F,BHUM,345,SAN JUAN,TER,Y
841-16-2990,M,TIEL,221,VEGA BAJA,TER,Y
841-16-3110,M,TIEL,303,CATANO,CUA,Y
841-16-3490,M,TIEL,196,SAN JUAN,SEG,Y
841-16-3860,F,ESCO,356,TOA ALTA,CUA,Y
841-16-5035,M,TIEL,222,CAROLINA,CUA,Y
841-16-5440,F,ESCO,278,SAN JUAN,CUA,Y
841-16-5950,M,TIEL,241,BAYAMON,CUA,Y
841-16-6065,F,ESCO,322,BAYAMON,CUA,Y
841-16-6120,M,TIEL,367,CAROLINA,CUA,Y
841-16-6130,M,TIEL,262,BAYAMON,CUA,Y
841-16-6174,M,BHUM,341,BAYAMON,CUA,Y
841-16-6420,M,SICI,261,CANOVANAS,CUA,Y
841-16-6530,M,BIOG,294,BAYAMON,CUA,Y
841-16-6800,F,CONT,315,BAYAMON,6TO,Y
841-16-6950,F,CONT,253,BAYAMON,CUA,Y
841-16-7810,M,EFEE,301,CATANO,CUA,Y
841-16-7880,F,EFEE,295,CATANO,CUA,Y
841-16-8040,F,BHUM,310,TOA ALTA,CUA,Y
841-16-8480,M,BHUM,314,TRUJILLO ALTO,CUA,Y
841-16-8540,M,BHUM,278,BAYAMON,CUA,Y
841-16-8770,M,CONT,317,BAYAMON,CUA,Y
841-16-8850,M,MERC,308,BAYAMON,CUA,Y
841-16-8870,M,GERE,247,VEGA BAJA,CUA,Y
841-16-9250,F,MERC,291,NARANJITO,CUA,Y
841-17-0001,F,BHUM,344,TOA ALTA,TER,Y
841-17-0234,M,TIEL,293,GUAYNABO,CUA,Y
841-17-0258,F,CCOM,364,BAYAMON,CUA,Y
841-17-0559,M,BHUM,268,BAYAMON,CUA,Y
841-17-0768,F,BHUM,325,COROZAL,TER,Y
841-17-0873,F,CCOM,322,BAYAMON,CUA,Y
841-17-0908,F,ESCO,320,SABANA SECA,CUA,Y
841-17-0922,M,SINF,319,TOA ALTA,CUA,Y
841-17-0935,M,BIOG,349,TOA BAJA,CUA,Y
841-17-1063,F,GERE,298,SAN JUAN,CUA,Y
841-17-1097,M,CCOM,309,GURABO,CUA,Y
841-17-1453,F,CCOM,247,COROZAL,TER,Y
841-17-1463,M,CCOM,324,GURABO,CUA,Y
841-17-1588,M,GERE,217,BAYAMON,TER,Y
841-17-1861,M,CCOM,341,GURABO,CUA,Y
841-17-1980,M,CCOM,359,BAYAMON,CUA,Y
841-17-2046,M,EFEE,292,VEGA ALTA,CUA,Y
841-17-2703,M,TIEL,351,FAJARDO,CUA,Y
841-17-2758,M,TIEL,301,SAN JUAN,CUA,Y
841-17-2975,M,BHUM,341,BAYAMON,CUA,Y
841-17-3106,M,CCOM,356,BAYAMON,CUA,Y
841-17-3301,M,BIOG,359,SAN JUAN,CUA,Y
841-17-3410,F,TIEL,339,BAYAMON,CUA,Y
841-17-3586,M,GERE,323,BAYAMON,CUA,Y
841-17-3614,M,MERC,264,SAN JUAN,SEG,Y
841-17-3659,M,CONT,221,DORADO,TER,Y
841-17-3683,M,CCOM,360,SAN JUAN,CUA,Y
841-17-3924,F,BIOG,165,TOA ALTA,SEG,Y
841-17-3950,M,BIOG,279,CAROLINA,CUA,Y
841-17-4030,F,CCOM,358,TOA BAJA,CUA,Y
841-17-4250,M,MERC,245,BAYAMON,TER,Y
841-17-4796,F,BHUM,256,TRUJILLO ALTO,CUA,Y
841-17-4968,M,MERC,329,BAYAMON,TER,Y
841-17-4988,M,CCOM,326,CAGUAS,CUA,Y
841-17-5100,M,TIEL,324,BAYAMON,CUA,Y
841-17-5625,F,TIEL,267,BAYAMON,SEG,Y
841-17-5875,M,GERE,262,BAYAMON,TER,Y
841-17-5973,F,CONT,224,BAYAMON,SEG,Y
841-17-6122,F,SOFI,267,TOA ALTA,CUA,Y
841-17-6435,M,CCOM,332,SAN JUAN,CUA,Y
841-17-6685,M,GERE,276,BAYAMON,CUA,Y
841-17-6718,M,BIOG,299,BAYAMON,CUA,Y
841-17-6855,M,FINA,296,BAYAMON,TER,Y
841-17-6943,M,TIEL,277,AGUAS BUENAS,CUA,Y
841-17-7152,M,TIEL,228,TOA ALTA,TER,Y
841-17-7183,F,EFEE,230,BAYAMON,CUA,Y
841-17-7247,F,TIEL,348,SAN JUAN,CUA,Y
841-17-7300,F,BIOG,272,CAROLINA,CUA,Y
841-17-7304,M,FINA,276,SAN JUAN,TER,Y
841-17-7790,F,GERE,333,VEGA ALTA,CUA,Y
841-17-8094,M,BHUM,279,TOA ALTA,CUA,Y
841-17-8227,F,ESCO,359,BAYAMON,CUA,Y
841-17-8263,F,TIEL,343,GUAYNABO,CUA,Y
841-17-8354,M,TIEL,238,BAYAMON,TER,Y
841-17-8679,M,FINA,320,BAYAMON,CUA,Y
841-17-8902,F,CCOM,296,CAGUAS,CUA,Y
841-17-9205,F,GERE,286,COROZAL,CUA,Y
841-17-9290,F,ESCO,345,SAN JUAN,CUA,Y
841-17-9324,M,BHUM,325,BAYAMON,CUA,Y
841-17-9327,F,ESCO,234,GUAYNABO,TER,Y
841-17-9420,F,BHUM,354,TOA BAJA,CUA,Y
841-17-9640,M,TIEL,374,CAROLINA,CUA,Y
841-17-9954,M,CCOM,306,BAYAMON,CUA,Y
841-18-0407,F,GERE,258,CAROLINA,TER,Y
841-18-0496,M,SICI,231,TOA ALTA,SEG,Y
841-18-0575,F,BIOG,364,COROZAL,CUA,Y
841-18-0722,M,MERC,230,BAYAMON,SEG,Y
841-18-0976,F,GERE,247,SAN JUAN,TNB,Y
841-18-1217,F,BHUM,300,BAYAMON,TER,Y
841-18-1362,F,MERC,292,GUAYNABO,TER,Y
841-18-1391,M,GERE,304,BAYAMON,TER,Y
841-18-1695,M,CONT,309,TOA BAJA,TER,Y
841-18-1818,F,BHUM,353,BAYAMON,CUA,Y
841-18-2006,F,GERE,248,NARANJITO,TER,Y
841-18-2565,F,GERE,282,TOA ALTA,TER,Y
841-18-2893,M,CCOM,258,BAYAMON,TER,Y
841-18-3064,F,BIOG,294,BAYAMON,TER,Y
841-18-3255,F,MERC,326,SABANA SECA,CUA,Y
841-18-3289,F,BIOG,303,CATANO,TER,Y
841-18-3412,F,ESCO,238,CATANO,TER,Y
841-18-3724,F,BIOG,342,TOA ALTA,CUA,Y
841-18-3843,F,BHUM,317,GUAYNABO,TER,Y
841-18-4173,F,MERC,343,TOA ALTA,CUA,Y
841-18-4429,F,SICI,245,TOA ALTA,TER,Y
841-18-4508,M,MERC,173,TOA ALTA,SEG,Y
841-18-5005,M,GERE,300,SAN JUAN,TER,Y
841-18-5238,M,TIEL,239,CAYEY,TER,Y
841-18-6045,M,FINA,205,PONCE,TER,Y
841-18-6092,F,SINF,293,CAROLINA,TER,Y
841-18-6282,M,SOFI,221,VEGA ALTA,TER,Y
841-18-6570,F,CONT,269,CAROLINA,SEG,Y
841-18-6653,F,BHUM,275,CAROLINA,SEG,Y
841-18-7119,M,TIEL,320,BAYAMON,CUA,Y
841-18-7175,M,GERE,257,CAGUAS,TER,Y
841-18-7199,F,GEMA,300,VEGA BAJA,SEG,Y
841-18-7322,M,TIEL,250,SAN JUAN,SEG,Y
841-18-7330,F,ESCO,220,CIDRA,TER,Y
841-18-7583,M,GEMA,233,SAN JUAN,TER,Y
841-18-7705,F,ESCO,301,VEGA BAJA,TER,Y
841-18-7723,F,BIOG,261,NARANJITO,SEG,Y
841-18-7940,,TIEL,292,BAYAMON,SEG,Y
841-18-8017,M,BIOG,275,CATANO,TER,Y
841-18-8196,F,BHUM,304,BAYAMON,TER,Y
841-18-8432,F,GERE,250,TOA BAJA,SEG,Y
841-18-8564,M,SICI,252,SAN LORENZO,TER,Y
841-18-8628,M,GERE,296,BAYAMON,TER,Y
841-18-8823,M,BHUM,249,CAROLINA,TER,Y
841-18-8831,M,SICI,277,TOA ALTA,TER,Y
841-18-8851,F,CONT,277,NARANJITO,TER,Y
841-18-8931,M,BIOG,207,GUAYNABO,SEG,Y
841-18-9328,F,BHUM,392,BAYAMON,CUA,Y
841-18-9690,F,SICI,315,BAYAMON,TER,Y
841-19-0101,F,BIOG,313,TOA ALTA,SEG,Y
841-19-0181,F,CONT,315,TOA BAJA,SEG,Y
841-19-0266,F,SOFI,287,AGUAS BUENAS,SEG,Y
841-19-0303,F,BHUM,295,TOA BAJA,SEG,Y
841-19-0349,M,GEMA,273,ARROYO,SEG,Y
841-19-0351,M,CONT,253,BAYAMON,SEG,Y
841-19-0437,M,CCOM,308,BAYAMON,SEG,Y
841-19-0756,M,SINF,359,TOA ALTA,SEG,Y
841-19-0757,M,BHUM,323,VEGA BAJA,SEG,Y
841-19-0983,M,CONT,268,GUAYNABO,SEG,Y
841-19-1035,F,GERE,279,BAYAMON,SEG,Y
841-19-1038,F,BHUM,384,MANATI,TER,Y
841-19-1287,F,BIOG,352,NARANJITO,TER,Y
841-19-1305,F,TIEL,290,TOA BAJA,SEG,Y
841-19-1351,F,BHUM,322,BAYAMON,TER,Y
841-19-1628,M,BHUM,290,BAYAMON,SEG,Y
841-19-1782,M,BIOG,169,BAYAMON,SEG,Y
841-19-1798,F,BHUM,258,BAYAMON,SEG,Y
841-19-1934,M,CCOM,368,BAYAMON,SEG,Y
841-19-2073,M,MERC,295,BAYAMON,SEG,Y
841-19-2110,M,CCOM,294,DORADO,SEG,Y
841-19-2203,F,BHUM,341,BAYAMON,SEG,Y
841-19-2209,F,BIOG,290,BAYAMON,TER,Y
841-19-2667,M,BIOG,253,RIO GRANDE,SEG,Y
841-19-2736,M,CONT,230,BAYAMON,SEG,Y
841-19-2858,M,CONT,231,GUAYNABO,SEG,Y
841-19-2945,F,GERE,316,BAYAMON,SEG,Y
841-19-3029,F,ESCO,319,TOA BAJA,SEG,Y
841-19-3046,M,SINF,310,TOA ALTA,SEG,Y
841-19-3255,M,MERC,296,BAYAMON,SEG,Y
841-19-3539,M,TIEL,290,TOA BAJA,SEG,Y
841-19-3923,M,GEMA,334,BAYAMON,SEG,Y
841-19-4356,F,BIOG,321,GUAYNABO,SEG,Y
841-19-4602,M,MERC,277,BAYAMON,SEG,Y
841-19-4949,M,TIEL,228,SAN JUAN,SEG,Y
841-19-5026,F,FINA,369,BAYAMON,SEG,Y
841-19-5135,F,SOFI,270,BAYAMON,SEG,Y
841-19-5342,F,SICI,257,BAYAMON,SEG,Y
841-19-5363,M,FINA,211,NARANJITO,SEG,Y
841-19-5726,F,BIOG,320,BAYAMON,TER,Y
841-19-5984,M,FINA,308,BAYAMON,SEG,Y
841-19-6224,M,GEMA,204,COROZAL,SEG,Y
841-19-6440,M,EFEE,292,VEGA ALTA,SEG,Y
841-19-6479,F,GEMA,213,BAYAMON,SEG,Y
841-19-6524,F,GEMA,325,TOA BAJA,SEG,Y
841-19-6692,F,MERC,331,DORADO,SEG,Y
841-19-6876,M,GERE,282,BAYAMON,SEG,Y
841-19-6971,F,EFEE,288,TRUJILLO ALTO,SEG,Y
841-19-7004,M,TIEL,195,SAN JUAN,SEG,Y
841-19-7251,M,SICI,281,CAGUAS,SEG,Y
841-19-7270,F,CONT,332,BAYAMON,SEG,Y
841-19-7278,M,BHUM,270,VEGA ALTA,SEG,Y
841-19-7389,M,MERC,279,BAYAMON,SEG,Y
841-19-7416,M,CONT,271,VEGA ALTA,SEG,Y
841-19-7526,F,BIOG,378,BAYAMON,TER,Y
841-19-7541,M,GEMA,316,TOA BAJA,SEG,Y
841-19-7609,F,BHUM,338,LOIZA,SEG,Y
841-19-7722,M,GERE,248,CATANO,SEG,Y
841-19-7915,F,ESCO,300,BAYAMON,SEG,Y
841-19-7920,F,ESCO,356,BAYAMON,SEG,Y
841-19-8051,F,ESCO,303,TOA ALTA,SEG,Y
841-19-8230,F,EFEE,314,BAYAMON,SEG,Y
841-19-8309,F,ESCO,350,CATANO,SEG,Y
841-19-8433,M,CONT,181,BAYAMON,SEG,Y
841-19-8618,F,FINA,273,DORADO,SEG,Y
841-19-8625,F,BIOG,263,GUAYNABO,SEG,Y
841-19-8859,M,EFEE,272,ARECIBO,SEG,Y
841-19-8982,F,BIOG,307,TOA BAJA,SEG,Y
841-19-9129,F,GEMA,296,TOA BAJA,SEG,Y
841-19-9149,F,BIOG,331,COROZAL,TER,Y
841-19-9157,M,GERE,243,TOA BAJA,SEG,Y
841-19-9225,F,ESCO,284,SABANA SECA,SEG,Y
841-19-9482,M,BHUM,319,BAYAMON,TER,Y
841-19-9483,F,CCOM,344,CAGUAS,SEG,Y
841-19-9507,,FINA,159,CAGUAS,SEG,Y
841-19-9560,F,BIOG,282,AGUAS BUENAS,SEG,Y
841-19-9647,F,BIOG,341,SAN JUAN,SEG,Y
841-19-9652,M,CONT,223,CATANO,SEG,Y
841-19-9731,M,SICI,345,SAN JUAN,SEG,Y
841-20-2978,F,SOFI,311,TOA BAJA,SEG,Y
841-20-3864,M,MERC,292,BAYAMON,SEG,Y
841-20-4182,M,SOFI,229,NARANJITO,SEG,Y
841-20-4492,F,BIOG,295,BAYAMON,SEG,Y
841-20-5083,F,EFEE,354,TOA ALTA,SEG,Y
841-20-5417,M,TIEL,279,TOA BAJA,SEG,Y
841-20-6769,F,MERC,382,BAYAMON,SEG,Y
841-20-7023,M,GEMA,360,OROCOVIS,SEG,Y
841-20-7892,M,CONT,380,BAYAMON,SEG,Y
841-20-8217,F,ESCO,342,BAYAMON,SEG,Y
841-20-8905,F,SOFI,261,TOA BAJA,SEG,Y
841-20-9458,M,BHUM,303,GUAYNABO,SEG,Y
841-20-9953,F,BIOG,306,SAN JUAN,SEG,Y
841-79-0561,M,CONT,271,BAYAMON,CUA,Y
841-95-5281,M,CONT,313,BAYAMON,6TO,Y
